<?xml version="1.0" encoding="UTF-8"?>
<project-private xmlns="http://www.netbeans.org/ns/project-private/1">
    <editor-bookmarks xmlns="http://www.netbeans.org/ns/editor-bookmarks/2" lastBookmarkId="0"/>
    <open-files xmlns="http://www.netbeans.org/ns/projectui-open-files/2">
        <group>
            <file>file:/C:/Users/Hoang%20Hiep/Documents/Java%20web/SP2023/Q2_EZSE.net/src/java/dal/UserDAO.java</file>
            <file>file:/C:/Users/Hoang%20Hiep/Documents/Java%20web/SP2023/Q2_EZSE.net/web/insert.jsp</file>
            <file>file:/C:/Users/Hoang%20Hiep/Documents/Java%20web/SP2023/Q2_EZSE.net/web/WEB-INF/web.xml</file>
            <file>file:/C:/Users/Hoang%20Hiep/Documents/Java%20web/SP2023/Q2_EZSE.net/src/java/dal/InsertDAO.java</file>
            <file>file:/C:/Users/Hoang%20Hiep/Documents/Java%20web/SP2023/Q2_EZSE.net/src/java/model/User.java</file>
            <file>file:/C:/Users/Hoang%20Hiep/Documents/Java%20web/SP2023/Q2_EZSE.net/src/java/model/Group.java</file>
            <file>file:/C:/Users/Hoang%20Hiep/Documents/Java%20web/SP2023/Q2_EZSE.net/web/login.jsp</file>
            <file>file:/C:/Users/Hoang%20Hiep/Documents/Java%20web/SP2023/Q2_EZSE.net/src/java/controller/login.java</file>
            <file>file:/C:/Users/Hoang%20Hiep/Documents/Java%20web/SP2023/Q2_EZSE.net/src/java/dal/DBContext.java</file>
            <file>file:/C:/Users/Hoang%20Hiep/Documents/Java%20web/SP2023/Q2_EZSE.net/src/java/controller/insert.java</file>
        </group>
    </open-files>
</project-private>
