<?xml version="1.0" encoding="UTF-8"?>
<project-private xmlns="http://www.netbeans.org/ns/project-private/1">
    <editor-bookmarks xmlns="http://www.netbeans.org/ns/editor-bookmarks/2" lastBookmarkId="0"/>
    <open-files xmlns="http://www.netbeans.org/ns/projectui-open-files/2">
        <group>
            <file>file:/C:/Users/Hoang%20Hiep/Documents/NetBeansProjects/Party/src/java/controller/login.java</file>
            <file>file:/C:/Users/Hoang%20Hiep/Documents/NetBeansProjects/Party/src/java/controller/add.java</file>
            <file>file:/C:/Users/Hoang%20Hiep/Documents/NetBeansProjects/Party/src/java/dal/AdminDAO.java</file>
            <file>file:/C:/Users/Hoang%20Hiep/Documents/NetBeansProjects/Party/web/index.html</file>
            <file>file:/C:/Users/Hoang%20Hiep/Documents/NetBeansProjects/Party/web/add.jsp</file>
            <file>file:/C:/Users/Hoang%20Hiep/Documents/NetBeansProjects/Party/src/java/model/Admin.java</file>
            <file>file:/C:/Users/Hoang%20Hiep/Documents/NetBeansProjects/Party/src/java/dal/PersonDAO.java</file>
            <file>file:/C:/Users/Hoang%20Hiep/Documents/NetBeansProjects/Party/web/header.jsp</file>
            <file>file:/C:/Users/Hoang%20Hiep/Documents/NetBeansProjects/Party/web/list.jsp</file>
            <file>file:/C:/Users/Hoang%20Hiep/Documents/NetBeansProjects/Party/web/menu.jsp</file>
            <file>file:/C:/Users/Hoang%20Hiep/Documents/NetBeansProjects/Party/web/update.jsp</file>
            <file>file:/C:/Users/Hoang%20Hiep/Documents/NetBeansProjects/Party/web/login.jsp</file>
        </group>
    </open-files>
</project-private>
