<?xml version="1.0" encoding="UTF-8"?>
<project-private xmlns="http://www.netbeans.org/ns/project-private/1">
    <editor-bookmarks xmlns="http://www.netbeans.org/ns/editor-bookmarks/2" lastBookmarkId="0"/>
    <open-files xmlns="http://www.netbeans.org/ns/projectui-open-files/2">
        <group>
            <file>file:/C:/Users/Hoang%20Hiep/Documents/Java%20web/SP2023/Q3_EZSE.net/web/search.jsp</file>
            <file>file:/C:/Users/Hoang%20Hiep/Documents/Java%20web/SP2023/Q3_EZSE.net/src/java/controller/search.java</file>
            <file>file:/C:/Users/Hoang%20Hiep/Documents/Java%20web/SP2023/Q3_EZSE.net/src/java/model/Member.java</file>
            <file>file:/C:/Users/Hoang%20Hiep/Documents/Java%20web/SP2023/Q3_EZSE.net/src/java/model/Group.java</file>
            <file>file:/C:/Users/Hoang%20Hiep/Documents/Java%20web/SP2023/Q3_EZSE.net/src/java/dal/GroupDAO.java</file>
        </group>
    </open-files>
</project-private>
